Season,Tm,W,L,W-L%,Strk,R,RA,Rdiff,SOS,pythWL,pythW,pythL
2024,LAD,98,64,0.605,W 5,5.2,4.2,1,0,96-66,96,66
2024,PHI,95,67,0.586,W 1,4.8,4.1,0.7,0,92-70,92,70
2024,NYY,94,68,0.58,W 1,5,4.1,0.9,-0.1,96-66,96,66
2024,MIL,93,69,0.574,L 1,4.8,4,0.8,0,95-67,95,67
2024,SDP,93,69,0.574,L 1,4.7,4.1,0.6,0,90-72,90,72
2024,CLE,92,69,0.571,L 2,4.4,3.9,0.5,-0.1,90-71,90,71
2024,BAL,91,71,0.562,W 3,4.9,4.3,0.5,-0.1,90-72,90,72
2024,ATL,89,73,0.549,W 1,4.3,3.7,0.6,0,92-70,92,70
2024,ARI,89,73,0.549,W 1,5.5,4.9,0.6,0,90-72,90,72
2024,NYM,89,73,0.549,L 1,4.7,4.3,0.4,0,88-74,88,74
2024,HOU,88,73,0.547,W 2,4.6,4,0.6,-0.1,90-71,90,71
2024,KCR,86,76,0.531,W 1,4.5,4,0.6,-0.1,91-71,91,71
2024,DET,86,76,0.531,L 2,4.2,4,0.2,-0.1,85-77,85,77
2024,SEA,85,77,0.525,W 4,4.2,3.7,0.4,-0.1,89-73,89,73
2024,STL,83,79,0.512,W 1,4.1,4.4,-0.3,0.1,76-86,76,86
2024,CHC,83,79,0.512,L 1,4.5,4.1,0.4,0,88-74,88,74
2024,MIN,82,80,0.506,L 4,4.6,4.5,0,-0.1,82-80,82,80
2024,BOS,81,81,0.5,W 1,4.6,4.6,0,0,81-81,81,81
2024,TBR,80,82,0.494,L 1,3.7,4.1,-0.4,0,74-88,74,88
2024,SFG,80,82,0.494,L 1,4.3,4.3,0,0.1,80-82,80,82
2024,TEX,78,84,0.481,W 3,4.2,4.6,-0.3,-0.1,75-87,75,87
2024,CIN,77,85,0.475,W 1,4.3,4.3,0,0.1,82-80,82,80
2024,PIT,76,86,0.469,L 1,4.1,4.6,-0.5,0.1,73-89,73,89
2024,TOR,74,88,0.457,L 3,4.1,4.6,-0.4,0,73-89,73,89
2024,WSN,71,91,0.438,L 1,4.1,4.7,-0.6,0.1,70-92,70,92
2024,OAK,69,93,0.426,L 3,4,4.7,-0.7,0,68-94,68,94
2024,LAA,63,99,0.389,L 6,3.9,4.9,-1,0,64-98,64,98
2024,MIA,62,100,0.383,W 4,3.9,5.2,-1.3,0.1,61-101,61,101
2024,COL,61,101,0.377,L 3,4.2,5.7,-1.5,0.2,59-103,59,103
2024,CHW,41,121,0.253,W 2,3.1,5,-1.9,0.1,48-114,48,114
2023,ATL,104,58,0.642,5.8,4.4,1.4,-0.1,1.4,101-61,101,61
2023,BAL,101,61,0.623,5,4.2,0.8,0,0.8,94-68,94,68
2023,LAD,100,62,0.617,5.6,4.3,1.3,-0.1,1.2,100-62,100,62
2023,TBR,99,63,0.611,5.3,4.1,1.2,0,1.2,100-62,100,62
2023,MIL,92,70,0.568,4.5,4,0.5,0,0.5,90-72,90,72
2023,HOU,90,72,0.556,5.1,4.3,0.8,-0.1,0.7,93-69,93,69
2023,PHI,90,72,0.556,4.9,4.4,0.5,0,0.5,89-73,89,73
2023,TEX,90,72,0.556,5.4,4.4,1,-0.1,0.9,96-66,96,66
2023,TOR,89,73,0.549,4.6,4.1,0.5,0.1,0.5,89-73,89,73
2023,SEA,88,74,0.543,4.7,4.1,0.6,-0.1,0.6,91-71,91,71
2023,MIN,87,75,0.537,4.8,4.1,0.7,-0.2,0.6,93-69,93,69
2023,ARI,84,78,0.519,4.6,4.7,-0.1,0,-0.1,80-82,80,82
2023,MIA,84,78,0.519,4.1,4.5,-0.4,0.1,-0.3,75-87,75,87
2023,CHC,83,79,0.512,5.1,4.5,0.6,-0.1,0.5,90-72,90,72
2023,SDP,82,80,0.506,4.6,4,0.6,0,0.6,92-70,92,70
2023,CIN,82,80,0.506,4.8,5.1,-0.2,0,-0.2,77-85,77,85
2023,NYY,82,80,0.506,4.2,4.3,-0.2,0.1,0,78-84,78,84
2023,SFG,79,83,0.488,4.2,4.4,-0.3,0,-0.3,76-86,76,86
2023,DET,78,84,0.481,4.1,4.6,-0.5,-0.1,-0.6,73-89,73,89
2023,BOS,78,84,0.481,4.8,4.8,0,0.1,0.1,81-81,81,81
2023,CLE,76,86,0.469,4.1,4.3,-0.2,-0.1,-0.3,77-85,77,85
2023,PIT,76,86,0.469,4.3,4.9,-0.6,0,-0.6,71-91,71,91
2023,NYM,75,87,0.463,4.4,4.5,-0.1,0,0,80-82,80,82
2023,LAA,73,89,0.451,4.6,5.1,-0.6,0,-0.5,73-89,73,89
2023,STL,71,91,0.438,4.4,5.1,-0.7,0,-0.6,71-91,71,91
2023,WSN,71,91,0.438,4.3,5.2,-0.9,0.1,-0.8,67-95,67,95
2023,CHW,61,101,0.377,4,5.2,-1.2,0,-1.3,61-101,61,101
2023,COL,59,103,0.364,4.5,5.9,-1.5,0.1,-1.3,60-102,60,102
2023,KCR,56,106,0.346,4.2,5.3,-1.1,0,-1.2,64-98,64,98
2023,OAK,50,112,0.309,3.6,5.7,-2.1,0.1,-2,49-113,49,113
2022,LAD,111,51,0.685,5.2,3.2,2.1,-0.2,1.8,116-46,116,46
2022,HOU,106,56,0.654,4.5,3.2,1.4,-0.1,1.3,106-56,106,56
2022,ATL,101,61,0.623,4.9,3.8,1.1,-0.1,1,100-62,100,62
2022,NYM,101,61,0.623,4.8,3.7,1,-0.1,1,99-63,99,63
2022,NYY,99,63,0.611,5,3.5,1.5,0,1.5,106-56,106,56
2022,STL,93,69,0.574,4.8,3.9,0.8,-0.3,0.6,95-67,95,67
2022,CLE,92,70,0.568,4.3,3.9,0.4,-0.1,0.2,88-74,88,74
2022,TOR,92,70,0.568,4.8,4.2,0.6,0.1,0.7,91-71,91,71
2022,SEA,90,72,0.556,4.3,3.8,0.4,0,0.4,89-73,89,73
2022,SDP,89,73,0.549,4.4,4.1,0.3,0,0.3,86-76,86,76
2022,PHI,87,75,0.537,4.6,4.2,0.4,0,0.4,87-75,87,75
2022,MIL,86,76,0.531,4.5,4.2,0.2,-0.2,0,85-77,85,77
2022,TBR,86,76,0.531,4.1,3.8,0.3,0.1,0.4,87-75,87,75
2022,BAL,83,79,0.512,4.2,4.2,-0.1,0.2,0.1,79-83,79,83
2022,CHW,81,81,0.5,4.2,4.4,-0.2,-0.1,-0.3,78-84,78,84
2022,SFG,81,81,0.5,4.4,4.3,0.1,0,0.1,83-79,83,79
2022,MIN,78,84,0.481,4.3,4.2,0.1,-0.1,0,82-80,82,80
2022,BOS,78,84,0.481,4.5,4.9,-0.3,0.2,-0.1,76-86,76,86
2022,CHC,74,88,0.457,4.1,4.5,-0.5,-0.1,-0.6,73-89,73,89
2022,ARI,74,88,0.457,4.3,4.6,-0.2,0,-0.2,77-85,77,85
2022,LAA,73,89,0.451,3.8,4.1,-0.3,0.1,-0.1,76-86,76,86
2022,MIA,69,93,0.426,3.6,4.2,-0.6,0.1,-0.5,70-92,70,92
2022,TEX,68,94,0.42,4.4,4.6,-0.2,0.1,-0.1,77-85,77,85
2022,COL,68,94,0.42,4.3,5.4,-1.1,0.1,-1,65-97,65,97
2022,DET,66,96,0.407,3.4,4.4,-1,0,-1,63-99,63,99
2022,KCR,65,97,0.401,4,5,-1,0.1,-1,64-98,64,98
2022,PIT,62,100,0.383,3.6,5,-1.4,0,-1.4,58-104,58,104
2022,CIN,62,100,0.383,4,5,-1,-0.1,-1.1,64-98,64,98
2022,OAK,60,102,0.37,3.5,4.8,-1.2,0.2,-1,59-103,59,103
2022,WSN,55,107,0.34,3.7,5.3,-1.6,0.1,-1.4,56-106,56,106
2021,SFG,107,55,0.66,5,3.7,1.3,-0.1,1.2,103-59,103,59
2021,LAD,106,56,0.654,5.1,3.5,1.7,-0.1,1.6,109-53,109,53
2021,TBR,100,62,0.617,5.3,4,1.3,0,1.3,101-61,101,61
2021,MIL,95,67,0.586,4.6,3.8,0.7,-0.3,0.4,93-69,93,69
2021,HOU,95,67,0.586,5.3,4.1,1.3,-0.1,1.2,101-61,101,61
2021,CHW,93,69,0.574,4.9,3.9,1,-0.2,0.8,97-65,97,65
2021,BOS,92,70,0.568,5.1,4.6,0.5,0.1,0.6,88-74,88,74
2021,NYY,92,70,0.568,4.4,4.1,0.3,0.1,0.4,86-76,86,76
2021,TOR,91,71,0.562,5.2,4.1,1.1,0,1.2,99-63,99,63
2021,STL,90,72,0.556,4.4,4.1,0.2,-0.2,0,85-77,85,77
2021,SEA,90,72,0.556,4.3,4.6,-0.3,0.1,-0.2,76-86,76,86
2021,ATL,88,73,0.547,4.9,4.1,0.8,-0.1,0.7,94-67,94,67
2021,OAK,86,76,0.531,4.6,4.2,0.3,0.1,0.4,87-75,87,75
2021,CIN,83,79,0.512,4.9,4.7,0.2,-0.2,0,83-79,83,79
2021,PHI,82,80,0.506,4.5,4.6,-0.1,0,-0.1,80-82,80,82
2021,CLE,80,82,0.494,4.4,4.5,-0.1,-0.1,-0.1,80-82,80,82
2021,SDP,79,83,0.488,4.5,4.4,0.1,0.1,0.2,83-79,83,79
2021,DET,77,85,0.475,4.3,4.7,-0.4,-0.1,-0.4,75-87,75,87
2021,NYM,77,85,0.475,3.9,4.1,-0.2,0,-0.2,77-85,77,85
2021,LAA,77,85,0.475,4.5,5,-0.5,0.2,-0.3,73-89,73,89
2021,COL,74,87,0.46,4.6,4.9,-0.4,0.1,-0.2,75-86,75,86
2021,KCR,74,88,0.457,4.2,4.9,-0.6,0,-0.6,71-91,71,91
2021,MIN,73,89,0.451,4.5,5.1,-0.6,0,-0.6,71-91,71,91
2021,CHC,71,91,0.438,4.4,5.2,-0.8,-0.1,-0.9,68-94,68,94
2021,MIA,67,95,0.414,3.8,4.3,-0.5,0,-0.5,72-90,72,90
2021,WSN,65,97,0.401,4.5,5.1,-0.6,0,-0.6,72-90,72,90
2021,PIT,61,101,0.377,3.8,5.1,-1.4,0,-1.4,58-104,58,104
2021,TEX,60,102,0.37,3.9,5,-1.2,0.2,-1,62-100,62,100
2021,BAL,52,110,0.321,4.1,5.9,-1.8,0.3,-1.5,54-108,54,108
2021,ARI,52,110,0.321,4.2,5.5,-1.3,0.2,-1.1,61-101,61,101
2019,HOU,107,55,0.66,5.7,4,1.7,-0.3,1.4,107-55,107,55
2019,LAD,106,56,0.654,5.5,3.8,1.7,0,1.7,107-55,107,55
2019,NYY,103,59,0.636,5.8,4.6,1.3,-0.3,1,99-63,99,63
2019,MIN,101,61,0.623,5.8,4.7,1.1,-0.5,0.7,97-65,97,65
2019,ATL,97,65,0.599,5.3,4.6,0.7,0.1,0.8,91-71,91,71
2019,OAK,97,65,0.599,5.2,4.2,1,-0.2,0.8,97-65,97,65
2019,TBR,96,66,0.593,4.7,4,0.7,-0.2,0.5,93-69,93,69
2019,WSN,93,69,0.574,5.4,4.5,0.9,0,1,95-67,95,67
2019,CLE,93,69,0.574,4.7,4.1,0.7,-0.4,0.2,93-69,93,69
2019,STL,91,71,0.562,4.7,4.1,0.6,0.2,0.8,92-70,92,70
2019,MIL,89,73,0.549,4.7,4.7,0,0.3,0.3,81-81,81,81
2019,NYM,86,76,0.531,4.9,4.5,0.3,0.2,0.5,86-76,86,76
2019,ARI,85,77,0.525,5,4.6,0.4,0.2,0.6,88-74,88,74
2019,BOS,84,78,0.519,5.6,5.1,0.5,-0.2,0.2,87-75,87,75
2019,CHC,84,78,0.519,5,4.4,0.6,0.2,0.8,90-72,90,72
2019,PHI,81,81,0.5,4.8,4.9,-0.1,0.2,0.1,79-83,79,83
2019,TEX,78,84,0.481,5,5.4,-0.4,0,-0.5,75-87,75,87
2019,SFG,77,85,0.475,4.2,4.8,-0.6,0.3,-0.3,71-91,71,91
2019,CIN,75,87,0.463,4.3,4.4,-0.1,0.2,0.2,80-82,80,82
2019,CHW,72,89,0.447,4.4,5.2,-0.8,-0.3,-1,69-92,69,92
2019,LAA,72,90,0.444,4.7,5.4,-0.6,0,-0.6,72-90,72,90
2019,COL,71,91,0.438,5.2,5.9,-0.8,0.3,-0.4,71-91,71,91
2019,SDP,70,92,0.432,4.2,4.9,-0.7,0.3,-0.4,70-92,70,92
2019,PIT,69,93,0.426,4.7,5.6,-0.9,0.3,-0.7,68-94,68,94
2019,SEA,68,94,0.42,4.7,5.5,-0.8,0,-0.9,69-93,69,93
2019,TOR,67,95,0.414,4.5,5.1,-0.6,-0.1,-0.7,71-91,71,91
2019,KCR,59,103,0.364,4.3,5.4,-1.1,-0.2,-1.3,64-98,64,98
2019,MIA,57,105,0.352,3.8,5,-1.2,0.3,-0.9,61-101,61,101
2019,BAL,54,108,0.333,4.5,6.1,-1.6,0,-1.5,60-102,60,102
2019,DET,47,114,0.292,3.6,5.7,-2.1,-0.2,-2.2,49-112,49,112
2018,BOS,108,54,0.667,5.4,4,1.4,-0.2,1.2,103-59,103,59
2018,HOU,103,59,0.636,4.9,3.3,1.6,-0.1,1.5,109-53,109,53
2018,NYY,100,62,0.617,5.3,4.1,1.1,-0.2,0.9,99-63,99,63
2018,OAK,97,65,0.599,5,4.2,0.9,0,0.8,95-67,95,67
2018,MIL,96,67,0.589,4.6,4,0.6,0,0.6,91-72,91,72
2018,CHC,95,68,0.583,4.7,4,0.7,0,0.7,94-69,94,69
2018,LAD,92,71,0.564,4.9,3.7,1.2,0.1,1.2,102-61,102,61
2018,CLE,91,71,0.562,5,4,1,-0.4,0.6,98-64,98,64
2018,COL,91,72,0.558,4.8,4.6,0.2,0.2,0.4,85-78,85,78
2018,ATL,90,72,0.556,4.7,4.1,0.6,0,0.6,92-70,92,70
2018,TBR,90,72,0.556,4.4,4,0.4,-0.1,0.3,89-73,89,73
2018,SEA,89,73,0.549,4.2,4.4,-0.2,0.1,-0.1,77-85,77,85
2018,STL,88,74,0.543,4.7,4.3,0.4,0,0.4,88-74,88,74
2018,PIT,82,79,0.509,4.3,4.3,0,0.1,0.1,80-81,80,81
2018,WSN,82,80,0.506,4.8,4.2,0.5,0,0.5,90-72,90,72
2018,ARI,82,80,0.506,4.3,4,0.3,0.2,0.5,86-76,86,76
2018,PHI,80,82,0.494,4.2,4.5,-0.3,0.1,-0.3,76-86,76,86
2018,LAA,80,82,0.494,4.5,4.5,0,0.1,0.1,81-81,81,81
2018,MIN,78,84,0.481,4.6,4.8,-0.2,-0.3,-0.5,77-85,77,85
2018,NYM,77,85,0.475,4.2,4.4,-0.2,0.1,-0.1,78-84,78,84
2018,SFG,73,89,0.451,3.7,4.3,-0.6,0.3,-0.3,70-92,70,92
2018,TOR,73,89,0.451,4.4,5.1,-0.8,0,-0.7,69-93,69,93
2018,CIN,67,95,0.414,4.3,5.1,-0.8,0.2,-0.6,69-93,69,93
2018,TEX,67,95,0.414,4.5,5.2,-0.7,0.1,-0.6,71-91,71,91
2018,SDP,66,96,0.407,3.8,4.7,-0.9,0.3,-0.7,65-97,65,97
2018,DET,64,98,0.395,3.9,4.9,-1,-0.2,-1.2,64-98,64,98
2018,MIA,63,98,0.391,3.7,5,-1.4,0.2,-1.2,58-103,58,103
2018,CHW,62,100,0.383,4,5.2,-1.2,-0.2,-1.4,62-100,62,100
2018,KCR,58,104,0.358,3.9,5.1,-1.2,-0.2,-1.4,62-100,62,100
2018,BAL,47,115,0.29,3.8,5.5,-1.7,0.1,-1.5,55-107,55,107
2017,LAD,104,58,0.642,4.8,3.6,1.2,-0.2,0.9,102-60,102,60
2017,CLE,102,60,0.63,5,3.5,1.6,-0.1,1.5,108-54,108,54
2017,HOU,101,61,0.623,5.5,4.3,1.2,0,1.2,99-63,99,63
2017,WSN,97,65,0.599,5.1,4.1,0.9,-0.3,0.6,96-66,96,66
2017,BOS,93,69,0.574,4.8,4.1,0.7,0.1,0.8,93-69,93,69
2017,ARI,93,69,0.574,5,4.1,0.9,-0.2,0.8,96-66,96,66
2017,CHC,92,70,0.568,5.1,4.3,0.8,-0.2,0.6,93-69,93,69
2017,NYY,91,71,0.562,5.3,4.1,1.2,0.1,1.3,100-62,100,62
2017,COL,87,75,0.537,5.1,4.7,0.4,-0.1,0.3,87-75,87,75
2017,MIL,86,76,0.531,4.5,4.3,0.2,-0.1,0.1,85-77,85,77
2017,MIN,85,77,0.525,5,4.9,0.2,0.1,0.2,83-79,83,79
2017,STL,83,79,0.512,4.7,4.4,0.3,-0.1,0.2,87-75,87,75
2017,LAA,80,82,0.494,4.4,4.4,0,0.1,0.1,81-81,81,81
2017,KCR,80,82,0.494,4.3,4.9,-0.5,0.2,-0.4,72-90,72,90
2017,TBR,80,82,0.494,4.3,4.3,-0.1,0.2,0.1,80-82,80,82
2017,TEX,78,84,0.481,4.9,5,-0.1,0.1,0,79-83,79,83
2017,SEA,78,84,0.481,4.6,4.8,-0.1,0.1,0,79-83,79,83
2017,MIA,77,85,0.475,4.8,5.1,-0.3,-0.2,-0.5,77-85,77,85
2017,TOR,76,86,0.469,4.3,4.8,-0.6,0.3,-0.3,72-90,72,90
2017,PIT,75,87,0.463,4.1,4.5,-0.4,-0.1,-0.4,74-88,74,88
2017,BAL,75,87,0.463,4.6,5.2,-0.6,0.3,-0.3,72-90,72,90
2017,OAK,75,87,0.463,4.6,5.1,-0.5,0.2,-0.4,73-89,73,89
2017,ATL,72,90,0.444,4.5,5.1,-0.5,-0.2,-0.7,73-89,73,89
2017,SDP,71,91,0.438,3.7,5,-1.3,0,-1.3,59-103,59,103
2017,NYM,70,92,0.432,4.5,5.3,-0.8,-0.1,-0.9,69-93,69,93
2017,CIN,68,94,0.42,4.6,5.4,-0.7,0,-0.7,70-92,70,92
2017,CHW,67,95,0.414,4.4,5.1,-0.7,0.2,-0.5,70-92,70,92
2017,PHI,66,96,0.407,4.3,4.8,-0.6,-0.1,-0.7,72-90,72,90
2017,SFG,64,98,0.395,3.9,4.8,-0.8,0,-0.9,67-95,67,95
2017,DET,64,98,0.395,4.5,5.5,-1,0.2,-0.8,67-95,67,95
2016,CHC,103,58,0.64,5,3.4,1.6,-0.2,1.3,107-54,107,54
2016,WSN,95,67,0.586,4.7,3.8,0.9,-0.3,0.6,97-65,97,65
2016,TEX,95,67,0.586,4.7,4.7,0,0.1,0.2,82-80,82,80
2016,CLE,94,67,0.584,4.8,4.2,0.6,0,0.6,91-70,91,70
2016,BOS,93,69,0.574,5.4,4.3,1.1,0.1,1.3,98-64,98,64
2016,LAD,91,71,0.562,4.5,3.9,0.5,-0.2,0.4,90-72,90,72
2016,BAL,89,73,0.549,4.6,4.4,0.2,0.3,0.4,84-78,84,78
2016,TOR,89,73,0.549,4.7,4.1,0.6,0.2,0.8,91-71,91,71
2016,SFG,87,75,0.537,4.4,3.9,0.5,-0.2,0.3,90-72,90,72
2016,NYM,87,75,0.537,4.1,3.8,0.3,-0.3,0.1,87-75,87,75
2016,DET,86,75,0.534,4.7,4.5,0.2,0,0.2,83-78,83,78
2016,SEA,86,76,0.531,4.7,4.4,0.4,0.1,0.5,87-75,87,75
2016,STL,86,76,0.531,4.8,4.4,0.4,-0.1,0.3,88-74,88,74
2016,HOU,84,78,0.519,4.5,4.3,0.1,0.1,0.3,83-79,83,79
2016,NYY,84,78,0.519,4.2,4.3,-0.1,0.3,0.1,79-83,79,83
2016,KCR,81,81,0.5,4.2,4.4,-0.2,0.1,-0.2,77-85,77,85
2016,MIA,79,82,0.491,4.1,4.2,-0.2,-0.2,-0.4,78-83,78,83
2016,PIT,78,83,0.484,4.5,4.7,-0.2,-0.1,-0.2,78-83,78,83
2016,CHW,78,84,0.481,4.2,4.4,-0.2,0.1,-0.1,78-84,78,84
2016,COL,75,87,0.463,5.2,5.3,-0.1,-0.1,-0.2,80-82,80,82
2016,LAA,74,88,0.457,4.4,4.5,-0.1,0.2,0.1,80-82,80,82
2016,MIL,73,89,0.451,4.1,4.5,-0.4,-0.1,-0.5,74-88,74,88
2016,PHI,71,91,0.438,3.8,4.9,-1.1,-0.1,-1.3,62-100,62,100
2016,ARI,69,93,0.426,4.6,5.5,-0.9,0,-0.9,69-93,69,93
2016,OAK,69,93,0.426,4,4.7,-0.7,0.2,-0.5,70-92,70,92
2016,ATL,68,93,0.422,4,4.8,-0.8,-0.1,-0.9,67-94,67,94
2016,SDP,68,94,0.42,4.2,4.8,-0.5,-0.1,-0.6,72-90,72,90
2016,TBR,68,94,0.42,4.1,4.4,-0.3,0.3,0,77-85,77,85
2016,CIN,68,94,0.42,4.4,5.3,-0.9,0,-0.8,68-94,68,94
2016,MIN,59,103,0.364,4.5,5.5,-1,0.1,-0.9,66-96,66,96
2015,STL,100,62,0.617,4,3.2,0.8,-0.3,0.5,96-66,96,66
2015,PIT,98,64,0.605,4.3,3.7,0.6,-0.3,0.3,93-69,93,69
2015,CHC,97,65,0.599,4.3,3.8,0.5,-0.3,0.2,90-72,90,72
2015,KCR,95,67,0.586,4.5,4,0.5,0.2,0.7,90-72,90,72
2015,TOR,93,69,0.574,5.5,4.1,1.4,0.2,1.6,102-60,102,60
2015,LAD,92,70,0.568,4.1,3.7,0.4,-0.3,0.1,89-73,89,73
2015,NYM,90,72,0.556,4.2,3.8,0.4,-0.4,0,89-73,89,73
2015,TEX,88,74,0.543,4.6,4.5,0.1,0.2,0.4,83-79,83,79
2015,NYY,87,75,0.537,4.7,4.3,0.4,0.3,0.8,88-74,88,74
2015,HOU,86,76,0.531,4.5,3.8,0.7,0.2,0.9,93-69,93,69
2015,LAA,85,77,0.525,4.1,4.2,-0.1,0.3,0.2,79-83,79,83
2015,SFG,84,78,0.519,4.3,3.9,0.4,-0.3,0.1,89-73,89,73
2015,MIN,83,79,0.512,4.3,4.3,0,0.2,0.2,81-81,81,81
2015,WSN,83,79,0.512,4.3,3.9,0.4,-0.4,0,89-73,89,73
2015,CLE,81,80,0.503,4.2,4,0.2,0.2,0.4,84-77,84,77
2015,BAL,81,81,0.5,4.4,4.3,0.1,0.4,0.5,83-79,83,79
2015,TBR,80,82,0.494,4,4,0,0.4,0.4,81-81,81,81
2015,ARI,79,83,0.488,4.4,4.4,0,-0.3,-0.2,82-80,82,80
2015,BOS,78,84,0.481,4.6,4.6,0,0.4,0.3,81-81,81,81
2015,CHW,76,86,0.469,3.8,4.3,-0.5,0.3,-0.2,72-90,72,90
2015,SEA,76,86,0.469,4,4.5,-0.4,0.3,-0.1,74-88,74,88
2015,DET,74,87,0.46,4.3,5,-0.7,0.3,-0.4,69-92,69,92
2015,SDP,74,88,0.457,4,4.5,-0.5,-0.2,-0.7,72-90,72,90
2015,MIA,71,91,0.438,3.8,4.2,-0.4,-0.3,-0.7,74-88,74,88
2015,MIL,68,94,0.42,4,4.5,-0.5,-0.2,-0.7,72-90,72,90
2015,OAK,68,94,0.42,4.3,4.5,-0.2,0.3,0.1,77-85,77,85
2015,COL,68,94,0.42,4.5,5.2,-0.7,-0.2,-0.9,71-91,71,91
2015,ATL,67,95,0.414,3.5,4.7,-1.2,-0.2,-1.4,61-101,61,101
2015,CIN,64,98,0.395,4,4.7,-0.7,-0.1,-0.8,69-93,69,93
2015,PHI,63,99,0.389,3.9,5,-1.1,-0.2,-1.4,62-100,62,100
2014,LAA,98,64,0.605,4.8,3.9,0.9,0.1,1,96-66,96,66
2014,WSN,96,66,0.593,4.2,3.4,0.8,-0.2,0.7,97-65,97,65
2014,BAL,96,66,0.593,4.4,3.7,0.7,0.1,0.8,94-68,94,68
2014,LAD,94,68,0.58,4.4,3.8,0.6,-0.2,0.4,92-70,92,70
2014,STL,90,72,0.556,3.8,3.7,0.1,-0.2,-0.1,83-79,83,79
2014,DET,90,72,0.556,4.7,4.4,0.3,0,0.4,86-76,86,76
2014,KCR,89,73,0.549,4,3.9,0.2,0.1,0.2,84-78,84,78
2014,SFG,88,74,0.543,4.1,3.8,0.3,-0.2,0.1,87-75,87,75
2014,PIT,88,74,0.543,4.2,3.9,0.3,-0.2,0.1,87-75,87,75
2014,OAK,88,74,0.543,4.5,3.5,1,0.1,1.1,99-63,99,63
2014,SEA,87,75,0.537,3.9,3.4,0.5,0.2,0.7,91-71,91,71
2014,CLE,85,77,0.525,4.1,4,0.1,0.1,0.1,83-79,83,79
2014,NYY,84,78,0.519,3.9,4.1,-0.2,0.1,0,77-85,77,85
2014,TOR,83,79,0.512,4.5,4.2,0.2,0.1,0.3,85-77,85,77
2014,MIL,82,80,0.506,4,4.1,0,-0.2,-0.2,80-82,80,82
2014,NYM,79,83,0.488,3.9,3.8,0.1,-0.1,0,82-80,82,80
2014,ATL,79,83,0.488,3.5,3.7,-0.1,-0.1,-0.2,78-84,78,84
2014,SDP,77,85,0.475,3.3,3.6,-0.3,-0.2,-0.4,75-87,75,87
2014,MIA,77,85,0.475,4,4.2,-0.2,-0.1,-0.3,78-84,78,84
2014,TBR,77,85,0.475,3.8,3.9,-0.1,0.1,0.1,79-83,79,83
2014,CIN,76,86,0.469,3.7,3.8,-0.1,-0.1,-0.3,79-83,79,83
2014,CHW,73,89,0.451,4.1,4.7,-0.6,0.1,-0.5,71-91,71,91
2014,PHI,73,89,0.451,3.8,4.2,-0.4,0,-0.4,73-89,73,89
2014,CHC,73,89,0.451,3.8,4.4,-0.6,-0.1,-0.7,71-91,71,91
2014,BOS,71,91,0.438,3.9,4.4,-0.5,0.2,-0.3,72-90,72,90
2014,HOU,70,92,0.432,3.9,4.5,-0.6,0.3,-0.3,71-91,71,91
2014,MIN,70,92,0.432,4.4,4.8,-0.4,0.1,-0.3,75-87,75,87
2014,TEX,67,95,0.414,3.9,4.8,-0.8,0.3,-0.5,67-95,67,95
2014,COL,66,96,0.407,4.7,5,-0.4,-0.2,-0.6,75-87,75,87
2014,ARI,64,98,0.395,3.8,4.6,-0.8,-0.1,-0.9,67-95,67,95
2013,BOS,97,65,0.599,5.3,4,1.2,0.1,1.3,100-62,100,62
2013,STL,97,65,0.599,4.8,3.7,1.2,-0.1,1,101-61,101,61
2013,ATL,96,66,0.593,4.2,3.4,0.9,-0.3,0.6,98-64,98,64
2013,OAK,96,66,0.593,4.7,3.9,0.9,0,0.8,96-66,96,66
2013,PIT,94,68,0.58,3.9,3.6,0.4,0,0.3,88-74,88,74
2013,DET,93,69,0.574,4.9,3.9,1.1,0,1,99-63,99,63
2013,LAD,92,70,0.568,4,3.6,0.4,-0.2,0.2,89-73,89,73
2013,CLE,92,70,0.568,4.6,4.1,0.5,0,0.5,90-72,90,72
2013,TBR,92,71,0.564,4.3,4,0.3,0.1,0.5,87-76,87,76
2013,TEX,91,72,0.558,4.5,3.9,0.6,0,0.6,92-71,92,71
2013,CIN,90,72,0.556,4.3,3.6,0.7,-0.1,0.6,93-69,93,69
2013,WSN,86,76,0.531,4,3.9,0.2,-0.2,0,84-78,84,78
2013,KCR,86,76,0.531,4,3.7,0.3,0.1,0.4,87-75,87,75
2013,BAL,85,77,0.525,4.6,4.4,0.2,0.2,0.4,85-77,85,77
2013,NYY,85,77,0.525,4,4.1,-0.1,0.2,0.1,79-83,79,83
2013,ARI,81,81,0.5,4.2,4.3,-0.1,-0.1,-0.2,80-82,80,82
2013,LAA,78,84,0.481,4.5,4.5,0,0.1,0,81-81,81,81
2013,SDP,76,86,0.469,3.8,4.3,-0.5,-0.1,-0.6,72-90,72,90
2013,SFG,76,86,0.469,3.9,4.3,-0.4,-0.1,-0.5,74-88,74,88
2013,NYM,74,88,0.457,3.8,4.2,-0.4,-0.2,-0.6,74-88,74,88
2013,MIL,74,88,0.457,4,4.2,-0.3,0,-0.3,76-86,76,86
2013,COL,74,88,0.457,4.4,4.7,-0.3,-0.1,-0.5,76-86,76,86
2013,TOR,74,88,0.457,4.4,4.7,-0.3,0.2,0,77-85,77,85
2013,PHI,73,89,0.451,3.8,4.6,-0.9,-0.1,-0.9,66-96,66,96
2013,SEA,71,91,0.438,3.9,4.7,-0.8,0.1,-0.7,67-95,67,95
2013,MIN,66,96,0.407,3.8,4.9,-1.1,0.2,-0.9,63-99,63,99
2013,CHC,66,96,0.407,3.7,4.3,-0.5,0,-0.5,71-91,71,91
2013,CHW,63,99,0.389,3.7,4.5,-0.8,0.1,-0.6,67-95,67,95
2013,MIA,62,100,0.383,3.2,4,-0.8,-0.1,-0.9,64-98,64,98
2013,HOU,51,111,0.315,3.8,5.2,-1.5,0.2,-1.2,57-105,57,105
2012,WSN,98,64,0.605,4.5,3.7,0.8,-0.2,0.7,96-66,96,66
2012,CIN,97,65,0.599,4.1,3.6,0.5,-0.3,0.2,91-71,91,71
2012,NYY,95,67,0.586,5,4.1,0.8,0.2,1.1,95-67,95,67
2012,SFG,94,68,0.58,4.4,4,0.4,-0.2,0.2,88-74,88,74
2012,OAK,94,68,0.58,4.4,3.8,0.6,0.2,0.8,92-70,92,70
2012,ATL,94,68,0.58,4.3,3.7,0.6,-0.1,0.5,92-70,92,70
2012,BAL,93,69,0.574,4.4,4.4,0,0.3,0.3,82-80,82,80
2012,TEX,93,69,0.574,5,4.4,0.6,0.1,0.8,91-71,91,71
2012,TBR,90,72,0.556,4.3,3.6,0.7,0.2,0.9,95-67,95,67
2012,LAA,89,73,0.549,4.7,4.3,0.4,0.2,0.7,88-74,88,74
2012,DET,88,74,0.543,4.5,4.1,0.3,0,0.4,87-75,87,75
2012,STL,88,74,0.543,4.7,4,0.7,-0.3,0.4,93-69,93,69
2012,LAD,86,76,0.531,3.9,3.7,0.2,-0.1,0.1,86-76,86,76
2012,CHW,85,77,0.525,4.6,4.2,0.4,0,0.4,88-74,88,74
2012,MIL,83,79,0.512,4.8,4.5,0.3,-0.3,0,85-77,85,77
2012,ARI,81,81,0.5,4.5,4.2,0.3,-0.2,0.1,86-76,86,76
2012,PHI,81,81,0.5,4.2,4.2,0,-0.1,-0.1,81-81,81,81
2012,PIT,79,83,0.488,4,4.2,-0.1,-0.2,-0.4,78-84,78,84
2012,SDP,76,86,0.469,4,4.4,-0.4,-0.1,-0.5,75-87,75,87
2012,SEA,75,87,0.463,3.8,4,-0.2,0.3,0.1,77-85,77,85
2012,NYM,74,88,0.457,4,4.4,-0.4,0,-0.4,75-87,75,87
2012,TOR,73,89,0.451,4.4,4.8,-0.4,0.3,-0.1,74-88,74,88
2012,KCR,72,90,0.444,4.2,4.6,-0.4,0.1,-0.3,74-88,74,88
2012,MIA,69,93,0.426,3.8,4.5,-0.7,0,-0.7,68-94,68,94
2012,BOS,69,93,0.426,4.5,5,-0.4,0.3,-0.2,74-88,74,88
2012,CLE,68,94,0.42,4.1,5.2,-1.1,0.2,-0.9,64-98,64,98
2012,MIN,66,96,0.407,4.3,5.1,-0.8,0.1,-0.7,68-94,68,94
2012,COL,64,98,0.395,4.7,5.5,-0.8,-0.1,-0.9,69-93,69,93
2012,CHC,61,101,0.377,3.8,4.7,-0.9,-0.1,-1,65-97,65,97
2012,HOU,55,107,0.34,3.6,4.9,-1.3,-0.1,-1.4,59-103,59,103
2011,PHI,102,60,0.63,4.4,3.3,1.1,-0.1,1,103-59,103,59
2011,NYY,97,65,0.599,5.4,4.1,1.3,0.1,1.4,101-61,101,61
2011,TEX,96,66,0.593,5.3,4.2,1.1,0.1,1.2,98-64,98,64
2011,MIL,96,66,0.593,4.5,3.9,0.5,-0.2,0.3,90-72,90,72
2011,DET,95,67,0.586,4.9,4.4,0.5,-0.1,0.4,89-73,89,73
2011,ARI,94,68,0.58,4.5,4.1,0.4,-0.2,0.2,88-74,88,74
2011,TBR,91,71,0.562,4.4,3.8,0.6,0.2,0.7,91-71,91,71
2011,STL,90,72,0.556,4.7,4.3,0.4,-0.2,0.2,88-74,88,74
2011,BOS,90,72,0.556,5.4,4.5,0.9,0.2,1,94-68,94,68
2011,ATL,89,73,0.549,4,3.7,0.2,-0.1,0.1,85-77,85,77
2011,LAA,86,76,0.531,4.1,3.9,0.2,0.1,0.3,85-77,85,77
2011,SFG,86,76,0.531,3.5,3.6,0,-0.1,-0.2,80-82,80,82
2011,LAD,82,79,0.509,4,3.8,0.2,-0.2,0,84-77,84,77
2011,TOR,81,81,0.5,4.6,4.7,-0.1,0.3,0.2,79-83,79,83
2011,WSN,80,81,0.497,3.9,4,-0.1,-0.1,-0.2,78-83,78,83
2011,CLE,80,82,0.494,4.3,4.7,-0.3,0.1,-0.3,75-87,75,87
2011,CIN,79,83,0.488,4.5,4.4,0.1,-0.2,-0.1,83-79,83,79
2011,CHW,79,83,0.488,4,4.4,-0.3,0,-0.3,75-87,75,87
2011,NYM,77,85,0.475,4.4,4.6,-0.1,0,-0.1,79-83,79,83
2011,OAK,74,88,0.457,4,4.2,-0.2,0.2,0,77-85,77,85
2011,COL,73,89,0.451,4.5,4.8,-0.2,-0.1,-0.3,77-85,77,85
2011,PIT,72,90,0.444,3.8,4.4,-0.6,-0.2,-0.8,70-92,70,92
2011,FLA,72,90,0.444,3.9,4.3,-0.5,0,-0.4,72-90,72,90
2011,KCR,71,91,0.438,4.5,4.7,-0.2,0,-0.2,78-84,78,84
2011,SDP,71,91,0.438,3.7,3.8,-0.1,-0.1,-0.2,79-83,79,83
2011,CHC,71,91,0.438,4,4.7,-0.6,-0.1,-0.7,70-92,70,92
2011,BAL,69,93,0.426,4.4,5.3,-0.9,0.3,-0.6,67-95,67,95
2011,SEA,67,95,0.414,3.4,4.2,-0.7,0.3,-0.5,67-95,67,95
2011,MIN,63,99,0.389,3.8,5,-1.1,0.2,-1,62-100,62,100
2011,HOU,56,106,0.346,3.8,4.9,-1.1,-0.1,-1.2,62-100,62,100
2010,PHI,97,65,0.599,4.8,4,0.8,0,0.8,95-67,95,67
2010,TBR,96,66,0.593,5,4,0.9,0.1,1.1,96-66,96,66
2010,NYY,95,67,0.586,5.3,4.3,1,0.1,1.1,97-65,97,65
2010,MIN,94,68,0.58,4.8,4.1,0.7,0,0.7,92-70,92,70
2010,SFG,92,70,0.568,4.3,3.6,0.7,-0.1,0.6,94-68,94,68
2010,CIN,91,71,0.562,4.9,4.2,0.6,-0.3,0.3,92-70,92,70
2010,ATL,91,71,0.562,4.6,3.9,0.7,-0.1,0.6,93-69,93,69
2010,TEX,90,72,0.556,4.9,4.2,0.6,-0.1,0.6,91-71,91,71
2010,SDP,90,72,0.556,4.1,3.6,0.5,-0.1,0.4,91-71,91,71
2010,BOS,89,73,0.549,5,4.6,0.5,0.2,0.7,88-74,88,74
2010,CHW,88,74,0.543,4.6,4.3,0.3,0,0.3,86-76,86,76
2010,STL,86,76,0.531,4.5,4,0.6,-0.3,0.3,91-71,91,71
2010,TOR,85,77,0.525,4.7,4.5,0.2,0.3,0.4,84-78,84,78
2010,COL,83,79,0.512,4.8,4.4,0.3,-0.1,0.3,86-76,86,76
2010,OAK,81,81,0.5,4.1,3.9,0.2,0.1,0.3,85-77,85,77
2010,DET,81,81,0.5,4.6,4.6,0,0,0,82-80,82,80
2010,FLA,80,82,0.494,4.4,4.4,0,0,0,81-81,81,81
2010,LAA,80,82,0.494,4.2,4.3,-0.1,0.1,0,79-83,79,83
2010,LAD,80,82,0.494,4.1,4.3,-0.2,0,-0.2,78-84,78,84
2010,NYM,79,83,0.488,4,4,0,0,0,81-81,81,81
2010,MIL,77,85,0.475,4.6,5,-0.3,-0.2,-0.6,76-86,76,86
2010,HOU,76,86,0.469,3.8,4.5,-0.7,-0.1,-0.9,68-94,68,94
2010,CHC,75,87,0.463,4.2,4.7,-0.5,-0.2,-0.7,73-89,73,89
2010,CLE,69,93,0.426,4,4.6,-0.7,0.1,-0.5,70-92,70,92
2010,WSN,69,93,0.426,4,4.6,-0.5,0,-0.5,72-90,72,90
2010,KCR,67,95,0.414,4.2,5.2,-1,0.2,-0.9,65-97,65,97
2010,BAL,66,96,0.407,3.8,4.8,-1.1,0.4,-0.7,63-99,63,99
2010,ARI,65,97,0.401,4.4,5.2,-0.8,0.1,-0.7,69-93,69,93
2010,SEA,61,101,0.377,3.2,4.3,-1.1,0.2,-0.9,59-103,59,103
2010,PIT,57,105,0.352,3.6,5.3,-1.7,-0.1,-1.8,53-109,53,109
2009,NYY,103,59,0.636,5.6,4.6,1,0.3,1.3,95-67,95,67
2009,LAA,97,65,0.599,5.5,4.7,0.8,0.3,1,92-70,92,70
2009,LAD,95,67,0.586,4.8,3.8,1,-0.2,0.8,99-63,99,63
2009,BOS,95,67,0.586,5.4,4.5,0.8,0.3,1.1,93-69,93,69
2009,PHI,93,69,0.574,5.1,4.4,0.7,-0.2,0.4,92-70,92,70
2009,COL,92,70,0.568,5,4.4,0.5,-0.2,0.4,90-72,90,72
2009,STL,91,71,0.562,4.5,4,0.6,-0.4,0.1,91-71,91,71
2009,SFG,88,74,0.543,4.1,3.8,0.3,-0.2,0.1,86-76,86,76
2009,TEX,87,75,0.537,4.8,4.6,0.3,0.3,0.5,85-77,85,77
2009,FLA,87,75,0.537,4.8,4.7,0,-0.2,-0.1,82-80,82,80
2009,MIN,87,76,0.534,5,4.7,0.3,0.1,0.4,86-77,86,77
2009,ATL,86,76,0.531,4.5,4,0.6,-0.2,0.4,91-71,91,71
2009,DET,86,77,0.528,4.6,4.6,0,0.1,0.1,81-82,81,82
2009,SEA,85,77,0.525,4,4.3,-0.3,0.3,0,75-87,75,87
2009,TBR,84,78,0.519,5,4.7,0.3,0.3,0.6,86-76,86,76
2009,CHC,83,78,0.516,4.4,4.2,0.2,-0.4,-0.1,84-77,84,77
2009,MIL,80,82,0.494,4.8,5,-0.2,-0.3,-0.5,78-84,78,84
2009,CHW,79,83,0.488,4.5,4.5,0,0.1,0.1,80-82,80,82
2009,CIN,78,84,0.481,4.2,4.5,-0.3,-0.3,-0.6,76-86,76,86
2009,OAK,75,87,0.463,4.7,4.7,0,0.4,0.3,81-81,81,81
2009,SDP,75,87,0.463,3.9,4.7,-0.8,-0.1,-0.9,67-95,67,95
2009,TOR,75,87,0.463,4.9,4.8,0.2,0.4,0.5,84-78,84,78
2009,HOU,74,88,0.457,4,4.8,-0.8,-0.2,-1,68-94,68,94
2009,NYM,70,92,0.432,4.1,4.7,-0.5,-0.1,-0.6,72-90,72,90
2009,ARI,70,92,0.432,4.4,4.8,-0.4,-0.1,-0.5,75-87,75,87
2009,KCR,65,97,0.401,4.2,5.2,-1,0.2,-0.8,66-96,66,96
2009,CLE,65,97,0.401,4.8,5.3,-0.6,0.2,-0.4,73-89,73,89
2009,BAL,64,98,0.395,4.6,5.4,-0.8,0.4,-0.4,69-93,69,93
2009,PIT,62,99,0.385,4,4.8,-0.8,-0.3,-1.1,67-94,67,94
2009,WSN,59,103,0.364,4.4,5.4,-1,-0.1,-1.1,66-96,66,96
2008,LAA,100,62,0.617,4.7,4.3,0.4,0.3,0.7,88-74,88,74
2008,CHC,97,64,0.602,5.3,4.2,1.1,-0.4,0.8,98-63,98,63
2008,TBR,97,65,0.599,4.8,4.1,0.6,0.5,1.1,92-70,92,70
2008,BOS,95,67,0.586,5.2,4.3,0.9,0.4,1.3,95-67,95,67
2008,PHI,92,70,0.568,4.9,4.2,0.7,-0.4,0.4,93-69,93,69
2008,MIL,90,72,0.556,4.6,4.3,0.4,-0.3,0.1,87-75,87,75
2008,NYM,89,73,0.549,4.9,4.4,0.5,-0.4,0.1,89-73,89,73
2008,NYY,89,73,0.549,4.9,4.5,0.4,0.5,0.8,87-75,87,75
2008,CHW,89,74,0.546,5,4.5,0.5,0.4,0.9,89-74,89,74
2008,MIN,88,75,0.54,5.1,4.6,0.5,0.3,0.8,89-74,89,74
2008,HOU,86,75,0.534,4.4,4.6,-0.2,-0.2,-0.4,77-84,77,84
2008,STL,86,76,0.531,4.8,4.5,0.3,-0.3,0,86-76,86,76
2008,TOR,86,76,0.531,4.4,3.8,0.6,0.4,1.1,93-69,93,69
2008,FLA,84,77,0.522,4.8,4.8,0,-0.3,-0.3,81-80,81,80
2008,LAD,84,78,0.519,4.3,4,0.3,-0.5,-0.1,87-75,87,75
2008,ARI,82,80,0.506,4.4,4.4,0.1,-0.5,-0.4,82-80,82,80
2008,CLE,81,81,0.5,5,4.7,0.3,0.3,0.6,85-77,85,77
2008,TEX,79,83,0.488,5.6,6,-0.4,0.3,-0.1,76-86,76,86
2008,OAK,75,86,0.466,4,4.3,-0.3,0.3,0.1,76-85,76,85
2008,KCR,75,87,0.463,4.3,4.8,-0.6,0.4,-0.1,72-90,72,90
2008,COL,74,88,0.457,4.6,5.1,-0.5,-0.4,-0.9,74-88,74,88
2008,DET,74,88,0.457,5.1,5.3,-0.2,0.4,0.1,78-84,78,84
2008,CIN,74,88,0.457,4.3,4.9,-0.6,-0.2,-0.8,72-90,72,90
2008,ATL,72,90,0.444,4.6,4.8,-0.2,-0.3,-0.5,79-83,79,83
2008,SFG,72,90,0.444,4,4.7,-0.7,-0.4,-1.1,68-94,68,94
2008,BAL,68,93,0.422,4.9,5.4,-0.5,0.5,0,73-88,73,88
2008,PIT,67,95,0.414,4.5,5.5,-0.9,-0.2,-1.1,67-95,67,95
2008,SDP,63,99,0.389,3.9,4.7,-0.8,-0.4,-1.2,68-94,68,94
2008,SEA,61,101,0.377,4.1,5,-0.9,0.3,-0.5,67-95,67,95
2008,WSN,59,102,0.366,4,5.1,-1.1,-0.2,-1.4,62-99,62,99
2007,BOS,96,66,0.593,5.4,4.1,1.3,0.3,1.6,101-61,101,61
2007,CLE,96,66,0.593,5,4.3,0.7,0.2,0.8,91-71,91,71
2007,LAA,94,68,0.58,5.1,4.5,0.6,0.2,0.8,90-72,90,72
2007,NYY,94,68,0.58,6,4.8,1.2,0.2,1.4,97-65,97,65
2007,ARI,90,72,0.556,4.4,4.5,-0.1,-0.2,-0.3,79-83,79,83
2007,COL,90,73,0.552,5.3,4.7,0.6,-0.2,0.4,91-72,91,72
2007,PHI,89,73,0.549,5.5,5.1,0.4,-0.3,0.2,87-75,87,75
2007,SDP,89,74,0.546,4.5,4.1,0.5,-0.2,0.2,89-74,89,74
2007,SEA,88,74,0.543,4.9,5,-0.1,0.3,0.2,79-83,79,83
2007,DET,88,74,0.543,5.5,4.9,0.6,0.2,0.8,89-73,89,73
2007,NYM,88,74,0.543,5,4.6,0.3,-0.2,0.1,86-76,86,76
2007,CHC,85,77,0.525,4.6,4.3,0.4,-0.4,-0.1,87-75,87,75
2007,ATL,84,78,0.519,5,4.5,0.5,-0.2,0.2,88-74,88,74
2007,MIL,83,79,0.512,4.9,4.8,0.2,-0.4,-0.2,83-79,83,79
2007,TOR,83,79,0.512,4.6,4.3,0.3,0.3,0.7,87-75,87,75
2007,LAD,82,80,0.506,4.5,4.5,0,-0.2,-0.1,82-80,82,80
2007,MIN,79,83,0.488,4.4,4.5,0,0.3,0.2,80-82,80,82
2007,STL,78,84,0.481,4.5,5.1,-0.6,-0.3,-1,71-91,71,91
2007,OAK,76,86,0.469,4.6,4.7,-0.1,0.3,0.2,79-83,79,83
2007,TEX,75,87,0.463,5,5.2,-0.2,0.3,0.1,79-83,79,83
2007,HOU,73,89,0.451,4.5,5,-0.6,-0.3,-0.9,72-90,72,90
2007,WSN,73,89,0.451,4.2,4.8,-0.7,-0.2,-0.8,70-92,70,92
2007,CHW,72,90,0.444,4.3,5.2,-0.9,0.4,-0.5,67-95,67,95
2007,CIN,72,90,0.444,4.8,5.3,-0.4,-0.3,-0.7,75-87,75,87
2007,FLA,71,91,0.438,4.9,5.5,-0.6,-0.2,-0.8,72-90,72,90
2007,SFG,71,91,0.438,4.2,4.4,-0.2,-0.1,-0.3,77-85,77,85
2007,BAL,69,93,0.426,4.7,5.4,-0.7,0.4,-0.3,71-91,71,91
2007,KCR,69,93,0.426,4.4,4.8,-0.4,0.3,-0.2,74-88,74,88
2007,PIT,68,94,0.42,4.5,5.2,-0.8,-0.3,-1.1,70-92,70,92
2007,TBD,66,96,0.407,4.8,5.8,-1,0.5,-0.5,67-95,67,95
2006,NYM,97,65,0.599,5.1,4.5,0.6,-0.3,0.3,91-71,91,71
2006,NYY,97,65,0.599,5.7,4.7,1,0.2,1.2,95-67,95,67
2006,MIN,96,66,0.593,4.9,4.2,0.7,0.3,1.1,93-69,93,69
2006,DET,95,67,0.586,5.1,4.2,0.9,0.3,1.2,95-67,95,67
2006,OAK,93,69,0.574,4.8,4.5,0.3,0.4,0.7,85-77,85,77
2006,CHW,90,72,0.556,5.4,4.9,0.5,0.4,0.8,88-74,88,74
2006,LAA,89,73,0.549,4.7,4.5,0.2,0.4,0.6,84-78,84,78
2006,SDP,88,74,0.543,4.5,4.2,0.3,-0.3,0,86-76,86,76
2006,LAD,88,74,0.543,5.1,4.6,0.4,-0.3,0.1,88-74,88,74
2006,TOR,87,75,0.537,5,4.7,0.3,0.3,0.6,86-76,86,76
2006,BOS,86,76,0.531,5.1,5.1,0,0.3,0.3,81-81,81,81
2006,PHI,85,77,0.525,5.3,5,0.3,-0.3,0,86-76,86,76
2006,STL,83,78,0.516,4.9,4.7,0.1,-0.5,-0.4,82-79,82,79
2006,HOU,82,80,0.506,4.5,4.4,0.1,-0.4,-0.3,83-79,83,79
2006,CIN,80,82,0.494,4.6,4.9,-0.3,-0.4,-0.7,76-86,76,86
2006,TEX,80,82,0.494,5.2,4.8,0.3,0.4,0.7,86-76,86,76
2006,ATL,79,83,0.488,5.2,5,0.3,-0.3,0,85-77,85,77
2006,FLA,78,84,0.481,4.7,4.8,-0.1,-0.3,-0.4,80-82,80,82
2006,CLE,78,84,0.481,5.4,4.8,0.5,0.4,0.9,89-73,89,73
2006,SEA,78,84,0.481,4.7,4.9,-0.2,0.4,0.2,78-84,78,84
2006,SFG,76,85,0.472,4.6,4.9,-0.3,-0.2,-0.5,76-85,76,85
2006,ARI,76,86,0.469,4.8,4.9,-0.1,-0.3,-0.3,80-82,80,82
2006,COL,76,86,0.469,5,5,0,-0.3,-0.2,81-81,81,81
2006,MIL,75,87,0.463,4.5,5.1,-0.6,-0.4,-1,71-91,71,91
2006,WSN,71,91,0.438,4.6,5.4,-0.8,-0.2,-1,70-92,70,92
2006,BAL,70,92,0.432,4.7,5.5,-0.8,0.4,-0.4,69-93,69,93
2006,PIT,67,95,0.414,4.3,4.9,-0.7,-0.4,-1,70-92,70,92
2006,CHC,66,96,0.407,4.4,5.1,-0.7,-0.3,-1.1,70-92,70,92
2006,KCR,62,100,0.383,4.7,6,-1.3,0.6,-0.8,63-99,63,99
2006,TBD,61,101,0.377,4.3,5.3,-1,0.4,-0.6,65-97,65,97
2005,STL,100,62,0.617,5,3.9,1.1,-0.3,0.7,98-64,98,64
2005,CHW,99,63,0.611,4.6,4,0.6,0.1,0.7,91-71,91,71
2005,NYY,95,67,0.586,5.5,4.9,0.6,0.3,0.9,90-72,90,72
2005,LAA,95,67,0.586,4.7,4,0.7,0.3,1,93-69,93,69
2005,BOS,95,67,0.586,5.6,5,0.6,0.3,0.9,90-72,90,72
2005,CLE,93,69,0.574,4.9,4,0.9,0,1,96-66,96,66
2005,ATL,90,72,0.556,4.7,4.2,0.6,-0.1,0.5,91-71,91,71
2005,HOU,89,73,0.549,4.3,3.7,0.5,-0.2,0.3,91-71,91,71
2005,PHI,88,74,0.543,5,4.5,0.5,-0.1,0.4,89-73,89,73
2005,OAK,88,74,0.543,4.8,4.1,0.7,0.3,1,93-69,93,69
2005,FLA,83,79,0.512,4.4,4.5,-0.1,-0.1,-0.2,79-83,79,83
2005,NYM,83,79,0.512,4.5,4,0.5,-0.1,0.4,89-73,89,73
2005,MIN,83,79,0.512,4.2,4.1,0.2,0.2,0.3,84-78,84,78
2005,SDP,82,80,0.506,4.2,4.5,-0.3,-0.5,-0.7,77-85,77,85
2005,MIL,81,81,0.5,4.5,4.3,0.2,-0.2,0,84-78,84,78
2005,WSN,81,81,0.5,3.9,4.2,-0.2,0,-0.2,77-85,77,85
2005,TOR,80,82,0.494,4.8,4.4,0.4,0.2,0.7,88-74,88,74
2005,TEX,79,83,0.488,5.3,5.3,0,0.4,0.4,82-80,82,80
2005,CHC,79,83,0.488,4.3,4.4,-0.1,-0.1,-0.2,80-82,80,82
2005,ARI,77,85,0.475,4.3,5.3,-1,-0.4,-1.4,66-96,66,96
2005,SFG,75,87,0.463,4,4.6,-0.6,-0.4,-1,71-91,71,91
2005,BAL,74,88,0.457,4.5,4.9,-0.4,0.3,-0.1,74-88,74,88
2005,CIN,73,89,0.451,5,5.5,-0.4,-0.1,-0.5,75-87,75,87
2005,LAD,71,91,0.438,4.2,4.7,-0.4,-0.5,-0.9,74-88,74,88
2005,DET,71,91,0.438,4.5,4.9,-0.4,0.2,-0.2,75-87,75,87
2005,SEA,69,93,0.426,4.3,4.6,-0.3,0.4,0.1,76-86,76,86
2005,COL,67,95,0.414,4.6,5.3,-0.8,-0.4,-1.2,70-92,70,92
2005,TBD,67,95,0.414,4.6,5.8,-1.1,0.4,-0.7,65-97,65,97
2005,PIT,67,95,0.414,4.2,4.7,-0.5,-0.2,-0.7,72-90,72,90
2005,KCR,56,106,0.346,4.3,5.8,-1.4,0.3,-1.1,60-102,60,102
2004,STL,105,57,0.648,5.3,4.1,1.2,-0.1,1.1,100-62,100,62
2004,NYY,101,61,0.623,5.5,5,0.5,0,0.6,89-73,89,73
2004,BOS,98,64,0.605,5.9,4.7,1.1,0,1.1,96-66,96,66
2004,ATL,96,66,0.593,5,4.1,0.8,-0.1,0.7,95-67,95,67
2004,LAD,93,69,0.574,4.7,4.2,0.5,-0.2,0.3,89-73,89,73
2004,MIN,92,70,0.568,4.8,4.4,0.4,-0.1,0.3,87-75,87,75
2004,ANA,92,70,0.568,5.2,4.5,0.6,0.1,0.7,91-71,91,71
2004,HOU,92,70,0.568,5,4.3,0.6,0,0.6,91-71,91,71
2004,SFG,91,71,0.562,5.2,4.8,0.5,-0.2,0.3,88-74,88,74
2004,OAK,91,71,0.562,4.9,4.6,0.3,0.1,0.4,86-76,86,76
2004,TEX,89,73,0.549,5.3,4.9,0.4,0.1,0.5,87-75,87,75
2004,CHC,89,73,0.549,4.9,4.1,0.8,0,0.7,94-68,94,68
2004,SDP,87,75,0.537,4.7,4.4,0.4,-0.2,0.2,87-75,87,75
2004,PHI,86,76,0.531,5.2,4.8,0.4,-0.1,0.3,86-76,86,76
2004,CHW,83,79,0.512,5.3,5.1,0.2,0,0.2,84-78,84,78
2004,FLA,83,79,0.512,4.4,4.3,0.1,-0.1,0,83-79,83,79
2004,CLE,80,82,0.494,5.3,5.3,0,0,0,81-81,81,81
2004,BAL,78,84,0.481,5.2,5.1,0.1,0.1,0.1,82-80,82,80
2004,CIN,76,86,0.469,4.6,5.6,-1,0.1,-0.9,67-95,67,95
2004,PIT,72,89,0.447,4.2,4.6,-0.4,0,-0.4,74-87,74,87
2004,DET,72,90,0.444,5.1,5.2,-0.1,0,-0.1,79-83,79,83
2004,NYM,71,91,0.438,4.2,4.5,-0.3,0,-0.3,76-86,76,86
2004,TBD,70,91,0.435,4.4,5.2,-0.8,0.1,-0.7,68-93,68,93
2004,COL,68,94,0.42,5.1,5.7,-0.6,-0.1,-0.6,73-89,73,89
2004,TOR,67,94,0.416,4.5,5.1,-0.6,0.1,-0.5,71-90,71,90
2004,MIL,67,94,0.416,3.9,4.7,-0.8,0.1,-0.7,68-93,68,93
2004,MON,67,95,0.414,3.9,4.7,-0.8,0,-0.8,67-95,67,95
2004,SEA,63,99,0.389,4.3,5.1,-0.8,0.2,-0.6,69-93,69,93
2004,KCR,58,104,0.358,4.4,5.6,-1.1,0.1,-1,64-98,64,98
2004,ARI,51,111,0.315,3.8,5.5,-1.8,0,-1.7,54-108,54,108
2003,ATL,101,61,0.623,5.6,4.6,1,0,1.1,96-66,96,66
2003,NYY,101,61,0.623,5.4,4.4,1,0,1,96-66,96,66
2003,SFG,100,61,0.621,4.7,4,0.7,-0.1,0.6,93-68,93,68
2003,OAK,96,66,0.593,4.7,4,0.8,0,0.8,94-68,94,68
2003,BOS,95,67,0.586,5.9,5,0.9,0,0.9,94-68,94,68
2003,SEA,93,69,0.574,4.9,3.9,1,-0.1,0.9,97-65,97,65
2003,FLA,91,71,0.562,4.6,4.3,0.4,0.1,0.5,87-75,87,75
2003,MIN,90,72,0.556,4.9,4.7,0.3,-0.3,0,85-77,85,77
2003,CHC,88,74,0.543,4.5,4.2,0.3,-0.1,0.2,85-77,85,77
2003,HOU,87,75,0.537,5,4.2,0.8,-0.1,0.7,94-68,94,68
2003,CHW,86,76,0.531,4.9,4.4,0.5,-0.2,0.2,88-74,88,74
2003,TOR,86,76,0.531,5.5,5.1,0.4,0,0.4,87-75,87,75
2003,PHI,86,76,0.531,4.9,4.3,0.6,0.1,0.7,90-72,90,72
2003,LAD,85,77,0.525,3.5,3.4,0.1,-0.1,0,83-79,83,79
2003,STL,85,77,0.525,5.4,4.9,0.5,-0.1,0.4,88-74,88,74
2003,ARI,84,78,0.519,4.4,4.2,0.2,-0.1,0.1,84-78,84,78
2003,KCR,83,79,0.512,5.2,5.4,-0.2,-0.2,-0.4,78-84,78,84
2003,MON,83,79,0.512,4.4,4.4,0,0.2,0.2,80-82,80,82
2003,ANA,77,85,0.475,4.5,4.6,0,0.1,0,80-82,80,82
2003,PIT,75,87,0.463,4.6,4.9,-0.3,0,-0.3,76-86,76,86
2003,COL,74,88,0.457,5.3,5.5,-0.2,-0.1,-0.3,78-84,78,84
2003,BAL,71,91,0.438,4.6,5,-0.5,0.2,-0.3,74-88,74,88
2003,TEX,71,91,0.438,5.1,6,-0.9,0.2,-0.7,69-93,69,93
2003,CIN,69,93,0.426,4.3,5.5,-1.2,0.1,-1.1,63-99,63,99
2003,CLE,68,94,0.42,4.3,4.8,-0.5,-0.2,-0.7,73-89,73,89
2003,MIL,68,94,0.42,4.4,5.4,-1,0,-0.9,66-96,66,96
2003,NYM,66,95,0.41,4,4.7,-0.7,0.2,-0.4,69-92,69,92
2003,SDP,64,98,0.395,4.2,5.1,-0.9,0.1,-0.9,66-96,66,96
2003,TBD,63,99,0.389,4.4,5.3,-0.8,0.2,-0.7,68-94,68,94
2003,DET,43,119,0.265,3.6,5.7,-2.1,0,-2.1,49-113,49,113
2002,NYY,103,58,0.64,5.6,4.3,1.2,0,1.2,99-62,99,62
2002,OAK,103,59,0.636,4.9,4,0.9,0.2,1.1,96-66,96,66
2002,ATL,101,59,0.631,4.4,3.5,0.9,-0.1,0.8,96-64,96,64
2002,ANA,99,63,0.611,5.3,4,1.3,0.1,1.3,101-61,101,61
2002,ARI,98,64,0.605,5.1,4.2,0.9,-0.1,0.8,95-67,95,67
2002,STL,97,65,0.599,4.9,4,0.9,-0.2,0.6,95-67,95,67
2002,SFG,95,66,0.59,4.8,3.8,1,-0.1,1,98-63,98,63
2002,MIN,94,67,0.584,4.8,4.4,0.3,-0.2,0.2,86-75,86,75
2002,BOS,93,69,0.574,5.3,4.1,1.2,0,1.2,100-62,100,62
2002,SEA,93,69,0.574,5,4.3,0.7,0.2,0.9,92-70,92,70
2002,LAD,92,70,0.568,4.4,4,0.4,0,0.4,89-73,89,73
2002,HOU,84,78,0.519,4.6,4.3,0.3,-0.2,0.2,87-75,87,75
2002,MON,83,79,0.512,4.5,4.4,0.1,-0.1,0,83-79,83,79
2002,CHW,81,81,0.5,5.3,4.9,0.4,-0.2,0.2,86-76,86,76
2002,PHI,80,81,0.497,4.4,4.5,-0.1,-0.1,-0.2,79-82,79,82
2002,FLA,79,83,0.488,4.3,4.7,-0.4,-0.1,-0.5,75-87,75,87
2002,TOR,78,84,0.481,5,5.1,-0.1,0.2,0.1,80-82,80,82
2002,CIN,78,84,0.481,4.4,4.8,-0.4,-0.1,-0.5,75-87,75,87
2002,NYM,75,86,0.466,4.3,4.4,-0.1,0,-0.1,79-82,79,82
2002,CLE,74,88,0.457,4.6,5.2,-0.6,0,-0.7,72-90,72,90
2002,COL,73,89,0.451,4.8,5.5,-0.7,0.1,-0.6,70-92,70,92
2002,PIT,72,89,0.447,4,4.5,-0.6,-0.1,-0.7,71-90,71,90
2002,TEX,72,90,0.444,5.2,5.4,-0.2,0.2,0,78-84,78,84
2002,BAL,67,95,0.414,4.1,4.8,-0.7,0.2,-0.4,70-92,70,92
2002,CHC,67,95,0.414,4.4,4.7,-0.3,-0.1,-0.4,76-86,76,86
2002,SDP,66,96,0.407,4.1,5,-0.9,0.1,-0.8,66-96,66,96
2002,KCR,62,100,0.383,4.5,5.5,-1,0,-1,67-95,67,95
2002,MIL,56,106,0.346,3.9,5.1,-1.2,0,-1.2,61-101,61,101
2002,DET,55,106,0.342,3.6,5.4,-1.8,0.1,-1.7,52-109,52,109
2002,TBD,55,106,0.342,4.2,5.7,-1.5,0.3,-1.2,58-103,58,103
2001,SEA,116,46,0.716,5.7,3.9,1.9,0,1.9,109-53,109,53
2001,OAK,102,60,0.63,5.5,4,1.5,0.1,1.5,104-58,104,58
2001,NYY,95,65,0.594,5,4.4,0.6,-0.2,0.4,89-71,89,71
2001,HOU,93,69,0.574,5.2,4.7,0.5,-0.1,0.4,88-74,88,74
2001,STL,93,69,0.574,5,4.2,0.8,-0.2,0.6,94-68,94,68
2001,ARI,92,70,0.568,5,4.2,0.9,0.1,1,95-67,95,67
2001,CLE,91,71,0.562,5.5,5.1,0.5,-0.2,0.3,88-74,88,74
2001,SFG,90,72,0.556,4.9,4.6,0.3,0.2,0.5,86-76,86,76
2001,ATL,88,74,0.543,4.5,4,0.5,-0.2,0.4,90-72,90,72
2001,CHC,88,74,0.543,4.8,4.3,0.5,-0.1,0.4,89-73,89,73
2001,PHI,86,76,0.531,4.6,4.4,0.2,-0.1,0,84-78,84,78
2001,LAD,86,76,0.531,4.7,4.6,0.1,0.2,0.3,82-80,82,80
2001,MIN,85,77,0.525,4.8,4.7,0,-0.1,-0.1,81-81,81,81
2001,CHW,83,79,0.512,4.9,4.9,0,-0.1,-0.1,81-81,81,81
2001,BOS,82,79,0.509,4.8,4.6,0.2,-0.1,0,83-78,83,78
2001,NYM,82,80,0.506,4,4.4,-0.4,0,-0.5,73-89,73,89
2001,TOR,80,82,0.494,4.7,4.6,0.1,-0.1,0,82-80,82,80
2001,SDP,79,83,0.488,4.9,5,-0.1,0.3,0.1,79-83,79,83
2001,FLA,76,86,0.469,4.6,4.6,0,-0.1,-0.1,81-81,81,81
2001,ANA,75,87,0.463,4.3,4.5,-0.2,0.2,0,77-85,77,85
2001,TEX,73,89,0.451,5.5,6,-0.5,0.3,-0.2,75-87,75,87
2001,COL,73,89,0.451,5.7,5.6,0.1,0.2,0.3,82-80,82,80
2001,MIL,68,94,0.42,4.6,5,-0.4,0,-0.4,75-87,75,87
2001,MON,68,94,0.42,4.1,5,-0.9,0,-0.9,67-95,67,95
2001,DET,66,96,0.407,4.5,5.4,-0.9,0,-0.9,67-95,67,95
2001,CIN,66,96,0.407,4.5,5.2,-0.7,0,-0.7,70-92,70,92
2001,KCR,65,97,0.401,4.5,5.3,-0.8,0,-0.8,69-93,69,93
2001,BAL,63,98,0.391,4.2,5.1,-0.9,0,-0.9,67-94,67,94
2001,TBD,62,100,0.383,4.1,5.5,-1.3,0,-1.3,61-101,61,101
2001,PIT,62,100,0.383,4.1,5.3,-1.2,0,-1.2,62-100,62,100
2000,SFG,97,65,0.599,5.7,4.6,1.1,-0.1,1,97-65,97,65
2000,ATL,95,67,0.586,5,4.4,0.6,-0.2,0.4,90-72,90,72
2000,STL,95,67,0.586,5.5,4.8,0.7,-0.1,0.6,91-71,91,71
2000,CHW,95,67,0.586,6,5.2,0.9,0,0.9,92-70,92,70
2000,NYM,94,68,0.58,5,4.6,0.4,-0.1,0.3,88-74,88,74
2000,OAK,91,70,0.565,5.9,5,0.8,0.1,0.9,92-69,92,69
2000,SEA,91,71,0.562,5.6,4.8,0.8,0,0.8,92-70,92,70
2000,CLE,90,72,0.556,5.9,5,0.8,0,0.9,92-70,92,70
2000,NYY,87,74,0.54,5.4,5.1,0.4,0,0.4,85-76,85,76
2000,LAD,86,76,0.531,4.9,4.5,0.4,0,0.4,88-74,88,74
2000,BOS,85,77,0.525,4.9,4.6,0.3,0,0.3,86-76,86,76
2000,CIN,85,77,0.525,5.1,4.7,0.4,-0.1,0.3,87-75,87,75
2000,ARI,85,77,0.525,4.9,4.7,0.2,0,0.2,85-77,85,77
2000,TOR,83,79,0.512,5.3,5.6,-0.3,0,-0.2,77-85,77,85
2000,ANA,82,80,0.506,5.3,5.4,0,0.1,0.1,81-81,81,81
2000,COL,82,80,0.506,6,5.5,0.4,0,0.4,87-75,87,75
2000,FLA,79,82,0.491,4.5,5,-0.4,-0.1,-0.5,74-87,74,87
2000,DET,79,83,0.488,5.1,5.1,0,0.1,0,81-81,81,81
2000,KCR,77,85,0.475,5.4,5.7,-0.3,0.1,-0.2,77-85,77,85
2000,SDP,76,86,0.469,4.6,5,-0.4,0,-0.3,75-87,75,87
2000,BAL,74,88,0.457,4.9,5.6,-0.7,0.1,-0.7,71-91,71,91
2000,MIL,73,89,0.451,4.5,5.1,-0.5,0,-0.6,73-89,73,89
2000,HOU,72,90,0.444,5.8,5.8,0,-0.1,-0.1,81-81,81,81
2000,TEX,71,91,0.438,5.2,6,-0.8,0.2,-0.6,71-91,71,91
2000,TBD,69,92,0.429,4.6,5.2,-0.7,0.1,-0.6,70-91,70,91
2000,MIN,69,93,0.426,4.6,5.4,-0.8,0.1,-0.7,69-93,69,93
2000,PIT,69,93,0.426,4.9,5.5,-0.6,0,-0.6,73-89,73,89
2000,MON,67,95,0.414,4.6,5.6,-1,0,-1.1,66-96,66,96
2000,PHI,65,97,0.401,4.4,5.1,-0.8,-0.1,-0.8,69-93,69,93
2000,CHC,65,97,0.401,4.7,5.6,-0.9,0,-0.9,69-93,69,93